{
    "ND": 0.3119441280344624,
    "RMSE": 0.5222546657032768,
    "test_loss": NaN
}