{
    "ND": 0.31194417495635796,
    "RMSE": 0.5222546657032768,
    "test_loss": NaN
}