{
    "ND": 0.4211764708090442,
    "RMSE": 0.5905447640524796,
    "test_loss": NaN
}